[
  {
    "id": 1,
    "title": "SMIRNOFF ICE 473ml",
    "price": 180,
    "thumbnail": "http://www.puroescabio.com.ar/web/image/product.template/74947/image_256/%5B4860%5D%20SMIRNOFF%20ICE%20473ml?unique=1e17d14",
    "brand": "SMIRNOFF",
    "country": "Argentina",
    "stock": 500,
    "type": "destilados"
  },
  {
    "id": 2,
    "title": "SMIRNOFF 750ml",
    "price": 790,
    "thumbnail": "http://www.puroescabio.com.ar/web/image/product.template/52280/image_256/%5B2169%5D%20SMIRNOFF%20750ml?unique=1e17d14",
    "brand": "SMIRNOFF",
    "country": "Argentina",
    "stock": 500,
    "type": "destilados"
  },
  {
    "id": 3,
    "title": "SMIRNOFF WATERMELON 750ml",
    "price": 890,
    "thumbnail": "http://www.puroescabio.com.ar/web/image/product.template/52617/image_256/%5B2469%5D%20SMIRNOFF%20WATERMELON%20750ml%20?unique=1e17d14",
    "brand": "SMIRNOFF",
    "country": "Argentina",
    "stock": 500,
    "type": "destilados"
  },
  {
    "id": 4,
    "title": "SMIRNOFF ICE GREENAPPLE 473ml",
    "price": 180,
    "thumbnail": "http://www.puroescabio.com.ar/web/image/product.template/74948/image_256/%5B4859%5D%20SMIRNOFF%20ICE%20GREENAPPLE%20473ml?unique=1e17d14",
    "brand": "SMIRNOFF",
    "country": "Argentina",
    "stock": 500,
    "type": "destilados"
  },
  {
    "id": 5,
    "title": "SKY APRICOT 750ml",
    "price": 960,
    "thumbnail": "http://www.puroescabio.com.ar/web/image/product.template/63381/image_256/%5B4175%5D%20SKYY%20APRICOT%20750ml?unique=1e17d14",
    "brand": "SKY",
    "country": "Argentina",
    "stock": 500,
    "type": "destilados"
  }
]